{
    "train_loss": 0.06317546963691711,
    "train_accuracy": 0.9796947240829468,
    "val_loss": 0.34482017159461975,
    "val_accuracy": 0.9015533328056335
}