{"accuracy": [0.5495155453681946, 0.6494975090026855, 0.6847497224807739, 0.7205398678779602, 0.759123682975769, 0.7993003726005554, 0.833556592464447, 0.8610455393791199, 0.8835232853889465, 0.9007537961006165, 0.9142848253250122, 0.9249805808067322, 0.9339168071746826, 0.9401114583015442, 0.9453344345092773], "loss": [1.433318018913269, 1.1290152072906494, 1.007178783416748, 0.8864416480064392, 0.7578290700912476, 0.6293975710868835, 0.5210335850715637, 0.4317573308944702, 0.3586411476135254, 0.3045704662799835, 0.26252827048301697, 0.2270853966474533, 0.20049439370632172, 0.18006648123264313, 0.16391584277153015], "val_accuracy": [0.6342536807060242, 0.6688598990440369, 0.6946237683296204, 0.7297435998916626, 0.7728869318962097, 0.8065769672393799, 0.8215827345848083, 0.846000075340271, 0.8560918569564819, 0.8656560778617859, 0.8749982714653015, 0.883951723575592, 0.8979025483131409, 0.8990963101387024, 0.9012063145637512], "val_loss": [1.1739819049835205, 1.056228756904602, 0.9632696509361267, 0.8477090001106262, 0.7143619656562805, 0.6105817556381226, 0.5566279292106628, 0.4952811598777771, 0.47203880548477173, 0.43099573254585266, 0.4232677221298218, 0.385807067155838, 0.3502174913883209, 0.3512503504753113, 0.33392393589019775]}