{
    "train_loss": 0.03677023574709892,
    "train_accuracy": 0.9896513223648071,
    "val_loss": 0.30240654945373535,
    "val_accuracy": 0.9126722812652588
}