{"accuracy": [0.577243983745575, 0.6669778227806091, 0.7155355215072632, 0.768889307975769, 0.8157812356948853, 0.8535252213478088, 0.8808337450027466, 0.901187539100647, 0.9164503216743469, 0.927048921585083, 0.9357179403305054, 0.9424435496330261, 0.9481106996536255, 0.9517164826393127, 0.9552562832832336], "loss": [1.3471405506134033, 1.0542546510696411, 0.8871200680732727, 0.711978554725647, 0.5585139989852905, 0.4391855299472809, 0.3537513017654419, 0.29168084263801575, 0.24524402618408203, 0.21320006251335144, 0.18730992078781128, 0.1685832440853119, 0.15213841199874878, 0.14190679788589478, 0.1314474493265152], "val_accuracy": [0.6477741003036499, 0.6946653723716736, 0.7431807518005371, 0.7845611572265625, 0.8207498788833618, 0.8437790870666504, 0.8637682199478149, 0.8784547448158264, 0.8738044500350952, 0.8950290679931641, 0.8921000957489014, 0.8984299898147583, 0.9024972319602966, 0.90475994348526, 0.9126722812652588], "val_loss": [1.1194641590118408, 0.9620267748832703, 0.797082781791687, 0.6663750410079956, 0.5511398315429688, 0.4842468202114105, 0.42059454321861267, 0.39083099365234375, 0.4029362201690674, 0.340979665517807, 0.34796807169914246, 0.33252254128456116, 0.3316022753715515, 0.3302297592163086, 0.30240657925605774]}