{
    "Train Loss": 0.03808441013097763,
    "Train Accuracy": 0.9874528050422668,
    "Validation Loss": 0.4203704595565796,
    "Validation Accuracy": 0.8893033862113953
}