{"accuracy": [0.3887346684932709, 0.552216649055481, 0.6178263425827026, 0.6780787706375122, 0.7388951778411865, 0.8009044528007507, 0.8455081582069397, 0.8841474056243896, 0.9073222279548645, 0.9256821274757385, 0.9392486810684204, 0.946330189704895, 0.9531839489936829, 0.9569904208183289, 0.9614583849906921], "loss": [1.6425468921661377, 1.275760531425476, 1.0987917184829712, 0.9330563545227051, 0.7569699883460999, 0.5843521952629089, 0.44859984517097473, 0.34049031138420105, 0.26749441027641296, 0.21637950837612152, 0.17851622402668, 0.15622302889823914, 0.1354288011789322, 0.12365730851888657, 0.113086998462677], "val_accuracy": [0.5186085104942322, 0.5959486365318298, 0.6480437517166138, 0.7026979923248291, 0.74472975730896, 0.7797778844833374, 0.809751033782959, 0.8511320948600769, 0.852910578250885, 0.872776985168457, 0.8644486665725708, 0.8678753972053528, 0.8859633803367615, 0.8831439018249512, 0.8893033862113953], "val_loss": [1.3603019714355469, 1.1650465726852417, 1.0165560245513916, 0.8702124953269958, 0.7457929253578186, 0.6556872129440308, 0.5653029680252075, 0.4492766559123993, 0.4712550640106201, 0.4236043095588684, 0.4625934362411499, 0.4679258167743683, 0.43527108430862427, 0.4173320531845093, 0.42037057876586914]}