{"accuracy": [0.26903173327445984, 0.49666109681129456, 0.603338897228241, 0.6648581027984619, 0.71652752161026, 0.7603505849838257, 0.7923205494880676, 0.8274624347686768, 0.8576794862747192, 0.8742070198059082, 0.8872287273406982, 0.9086811542510986, 0.920450747013092, 0.9299666285514832, 0.9414858222007751], "loss": [1.9852906465530396, 1.4226219654083252, 1.1364803314208984, 0.9716314077377319, 0.8287266492843628, 0.7112764716148376, 0.620346188545227, 0.5141969323158264, 0.4345150589942932, 0.37488844990730286, 0.33058831095695496, 0.27338868379592896, 0.23381443321704865, 0.21064119040966034, 0.17297640442848206], "val_accuracy": [0.43873122334480286, 0.5969949960708618, 0.6173622608184814, 0.6998330354690552, 0.7398998141288757, 0.7562604546546936, 0.7936561107635498, 0.8166944980621338, 0.8230383992195129, 0.8320534229278564, 0.8597663044929504, 0.8701168894767761, 0.8567612767219543, 0.8507512807846069, 0.8834724426269531], "val_loss": [1.5844892263412476, 1.1604053974151611, 1.1027426719665527, 0.8859527707099915, 0.7750387191772461, 0.7546481490135193, 0.615069568157196, 0.5513078570365906, 0.5426934957504272, 0.531919002532959, 0.45431089401245117, 0.4295061528682709, 0.48705947399139404, 0.4533175528049469, 0.4090229868888855]}