{
    "train_loss": 0.020279761403799057,
    "train_accuracy": 0.9932438135147095,
    "val_loss": 0.39296796917915344,
    "val_accuracy": 0.9011884927749634
}