{"accuracy": [0.3753199279308319, 0.5237604379653931, 0.5837201476097107, 0.6322495937347412, 0.6847264766693115, 0.7350778579711914, 0.7826204895973206, 0.8272784352302551, 0.8605387806892395, 0.8884310126304626, 0.908905565738678, 0.9259749054908752, 0.9377304315567017, 0.9476315379142761, 0.9541925191879272, 0.9600919485092163, 0.9659263491630554, 0.9674879908561707, 0.9719125628471375, 0.9732789397239685], "loss": [1.6730289459228516, 1.365736484527588, 1.2079639434814453, 1.071104884147644, 0.9290438294410706, 0.7889386415481567, 0.6503697633743286, 0.5241166949272156, 0.42029520869255066, 0.33783283829689026, 0.27308422327041626, 0.22303567826747894, 0.18471693992614746, 0.15563122928142548, 0.1357506811618805, 0.1175120398402214, 0.10173725336790085, 0.09693452715873718, 0.08523862063884735, 0.07925660908222198], "val_accuracy": [0.48165178298950195, 0.5572134852409363, 0.6067060232162476, 0.6565888524055481, 0.6849570870399475, 0.7475926280021667, 0.7751366496086121, 0.7965211868286133, 0.8168647289276123, 0.8433677554130554, 0.8441485166549683, 0.8657066226005554, 0.8823631405830383, 0.8870044350624084, 0.8919059634208679, 0.8935108780860901, 0.8843584656715393, 0.8991498351097107, 0.8949856758117676, 0.9011884927749634], "val_loss": [1.474088191986084, 1.2700660228729248, 1.134308099746704, 0.9957209229469299, 0.9322250485420227, 0.7616766691207886, 0.680124819278717, 0.6148970723152161, 0.5741116404533386, 0.4994756579399109, 0.5128229856491089, 0.4620271623134613, 0.4150505065917969, 0.4071686863899231, 0.40347224473953247, 0.3992173969745636, 0.44033968448638916, 0.39879560470581055, 0.4162137508392334, 0.3929681181907654]}