{
    "train_loss": 0.05602284148335457,
    "train_accuracy": 0.9827382564544678,
    "val_loss": 0.334664523601532,
    "val_accuracy": 0.903996467590332
}