{"accuracy": [0.5068644285202026, 0.6335198283195496, 0.6678454279899597, 0.6942481994628906, 0.7215566635131836, 0.7479490041732788, 0.7763645648956299, 0.8046551942825317, 0.8294684886932373, 0.8521509766578674, 0.8717100620269775, 0.8871151208877563, 0.900465726852417, 0.9120776653289795, 0.9221522212028503, 0.9289368391036987, 0.9361205101013184, 0.9419230222702026, 0.945223331451416, 0.9498597979545593], "loss": [1.5376864671707153, 1.1805078983306885, 1.0642727613449097, 0.9713014960289001, 0.8829209804534912, 0.7937374711036682, 0.7035159468650818, 0.6150770783424377, 0.5322218537330627, 0.4617007076740265, 0.3972715437412262, 0.34626656770706177, 0.30435997247695923, 0.2678566873073578, 0.23635002970695496, 0.21480290591716766, 0.1929035484790802, 0.1740874946117401, 0.16472244262695312, 0.1503438800573349], "val_accuracy": [0.6179152727127075, 0.6585183143615723, 0.675758957862854, 0.7042157649993896, 0.7135995626449585, 0.7579922080039978, 0.7793139815330505, 0.8089784979820251, 0.814642071723938, 0.8396146297454834, 0.8514693379402161, 0.8654756546020508, 0.8777328729629517, 0.8809117078781128, 0.8889490365982056, 0.8955287933349609, 0.8969724774360657, 0.903996467590332, 0.9023584723472595, 0.9056483507156372], "val_loss": [1.2171562910079956, 1.0961369276046753, 1.0291286706924438, 0.9317619800567627, 0.9066604375839233, 0.7617160677909851, 0.6966561079025269, 0.6017082333564758, 0.5820122957229614, 0.506651759147644, 0.47949716448783875, 0.4343482553958893, 0.3951665163040161, 0.3914182186126709, 0.3856290280818939, 0.35384783148765564, 0.36145472526550293, 0.33466455340385437, 0.3444143533706665, 0.3468349575996399]}