{
    "train_loss": 0.047648657113313675,
    "train_accuracy": 0.9850561618804932,
    "val_loss": 0.4308460056781769,
    "val_accuracy": 0.8795003294944763
}