{"accuracy": [0.36860713362693787, 0.5257341861724854, 0.5863770246505737, 0.6343317627906799, 0.6805079579353333, 0.7249382138252258, 0.7731748819351196, 0.816206157207489, 0.8528608083724976, 0.8818049430847168, 0.90324467420578, 0.9199345111846924, 0.9323623776435852, 0.9434347152709961, 0.9497896432876587], "loss": [1.6903060674667358, 1.3604367971420288, 1.1969573497772217, 1.070717692375183, 0.9450551271438599, 0.8175700902938843, 0.6796718835830688, 0.553519606590271, 0.44733259081840515, 0.35785171389579773, 0.29371872544288635, 0.24014364182949066, 0.20183183252811432, 0.16944320499897003, 0.15022623538970947], "val_accuracy": [0.4657326340675354, 0.570920467376709, 0.5888348817825317, 0.6433156728744507, 0.6817471981048584, 0.722868025302887, 0.7599548697471619, 0.7821636199951172, 0.8143922686576843, 0.831048846244812, 0.8506549596786499, 0.8527804017066956, 0.8718226552009583, 0.8701743483543396, 0.8795003294944763], "val_loss": [1.4945969581604004, 1.222360610961914, 1.1632673740386963, 1.0409798622131348, 0.9257215857505798, 0.8080585598945618, 0.7120113372802734, 0.6528083682060242, 0.5784035921096802, 0.5308563709259033, 0.47277334332466125, 0.49878406524658203, 0.43268734216690063, 0.4484497606754303, 0.4308459162712097]}